{"cameraMode":{"drawMode":0,"name":"Shaded","section":"Shading Mode"},"sceneLighting":true,"audioPlay":false,"sceneViewState":{"showFog":true,"showMaterialUpdate":false,"showSkybox":true,"showFlares":true,"showImageEffects":true,"showParticleSystems":true},"in2DMode":false,"pivot":{"x":-10.478992462158204,"y":2.357600688934326,"z":-11.742751121520996},"rotation":{"x":-0.5414190292358398,"y":0.05087719485163689,"z":-0.032852984964847568,"w":-0.8385688662528992},"size":12.443705558776856,"orthographic":false}